{
    "version": "1.4.0",
    "project": {
        "name": "karate-template",
        "directory": "/home/madhanagopal/Desktop/Automation/Karate/karate-template-main",
        "workspaceDir": "/home/madhanagopal/Desktop/Automation/Karate/karate-template-main",
        "sources": [
            
        ],
        "dependencies": [
            
        ],
        "classpath": [
            "/home/madhanagopal/Desktop/Automation/Karate/karate-template-main/target/classes"
        ],
        "out": "/home/madhanagopal/Desktop/Automation/Karate/karate-template-main/target",
        "classesDir": "/home/madhanagopal/Desktop/Automation/Karate/karate-template-main/target/classes",
        "resources": [
            "/home/madhanagopal/Desktop/Automation/Karate/karate-template-main/src/main/resources"
        ],
        "java": {
            "options": [
                "-g",
                "-encoding",
                "UTF-8"
            ]
        },
        "test": {
            "frameworks": [
                {
                    "names": [
                        "com.novocode.junit.JUnitFramework"
                    ]
                },
                {
                    "names": [
                        "org.scalatest.tools.Framework",
                        "org.scalatest.tools.ScalaTestFramework"
                    ]
                },
                {
                    "names": [
                        "org.scalacheck.ScalaCheckFramework"
                    ]
                },
                {
                    "names": [
                        "org.specs.runner.SpecsFramework",
                        "org.specs2.runner.Specs2Framework",
                        "org.specs2.runner.SpecsFramework"
                    ]
                },
                {
                    "names": [
                        "utest.runner.Framework"
                    ]
                },
                {
                    "names": [
                        "munit.Framework"
                    ]
                }
            ],
            "options": {
                "excludes": [
                    
                ],
                "arguments": [
                    {
                        "args": [
                            "-v",
                            "-a"
                        ],
                        "framework": {
                            "names": [
                                "com.novocode.junit.JUnitFramework"
                            ]
                        }
                    }
                ]
            }
        },
        "platform": {
            "name": "jvm",
            "config": {
                "home": "/home/madhanagopal/.cache/coursier/arc/https/github.com/adoptium/temurin17-binaries/releases/download/jdk-17.0.13%252B11/OpenJDK17U-jdk_x64_linux_hotspot_17.0.13_11.tar.gz/jdk-17.0.13+11",
                "options": [
                    
                ]
            },
            "mainClass": [
                
            ]
        },
        "resolution": {
            "modules": [
                {
                    "organization": "io.netty",
                    "name": "netty-transport-native-unix-common",
                    "version": "4.1.110.Final",
                    "artifacts": [
                        {
                            "name": "netty-transport-native-unix-common",
                            "classifier": "osx-x86_64",
                            "path": "/home/madhanagopal/.m2/repository/io/netty/netty-transport-native-unix-common/4.1.110.Final/netty-transport-native-unix-common-4.1.110.Final-osx-x86_64.jar"
                        }
                    ]
                },
                {
                    "organization": "org.unbescape",
                    "name": "unbescape",
                    "version": "1.1.6.RELEASE",
                    "artifacts": [
                        {
                            "name": "unbescape",
                            "path": "/home/madhanagopal/.m2/repository/org/unbescape/unbescape/1.1.6.RELEASE/unbescape-1.1.6.RELEASE.jar"
                        },
                        {
                            "name": "unbescape",
                            "classifier": "sources",
                            "path": "/home/madhanagopal/.m2/repository/org/unbescape/unbescape/1.1.6.RELEASE/unbescape-1.1.6.RELEASE-sources.jar"
                        }
                    ]
                },
                {
                    "organization": "io.netty",
                    "name": "netty-resolver-dns-native-macos",
                    "version": "4.1.110.Final",
                    "artifacts": [
                        {
                            "name": "netty-resolver-dns-native-macos",
                            "classifier": "osx-aarch_64",
                            "path": "/home/madhanagopal/.m2/repository/io/netty/netty-resolver-dns-native-macos/4.1.110.Final/netty-resolver-dns-native-macos-4.1.110.Final-osx-aarch_64.jar"
                        }
                    ]
                },
                {
                    "organization": "com.jayway.jsonpath",
                    "name": "json-path",
                    "version": "2.9.0",
                    "artifacts": [
                        {
                            "name": "json-path",
                            "path": "/home/madhanagopal/.m2/repository/com/jayway/jsonpath/json-path/2.9.0/json-path-2.9.0.jar"
                        },
                        {
                            "name": "json-path",
                            "classifier": "sources",
                            "path": "/home/madhanagopal/.m2/repository/com/jayway/jsonpath/json-path/2.9.0/json-path-2.9.0-sources.jar"
                        }
                    ]
                },
                {
                    "organization": "io.netty",
                    "name": "netty-resolver-dns-classes-macos",
                    "version": "4.1.110.Final",
                    "artifacts": [
                        {
                            "name": "netty-resolver-dns-classes-macos",
                            "path": "/home/madhanagopal/.m2/repository/io/netty/netty-resolver-dns-classes-macos/4.1.110.Final/netty-resolver-dns-classes-macos-4.1.110.Final.jar"
                        },
                        {
                            "name": "netty-resolver-dns-classes-macos",
                            "classifier": "sources",
                            "path": "/home/madhanagopal/.m2/repository/io/netty/netty-resolver-dns-classes-macos/4.1.110.Final/netty-resolver-dns-classes-macos-4.1.110.Final-sources.jar"
                        }
                    ]
                },
                {
                    "organization": "org.graalvm.js",
                    "name": "js-scriptengine",
                    "version": "24.0.0",
                    "artifacts": [
                        {
                            "name": "js-scriptengine",
                            "path": "/home/madhanagopal/.m2/repository/org/graalvm/js/js-scriptengine/24.0.0/js-scriptengine-24.0.0.jar"
                        },
                        {
                            "name": "js-scriptengine",
                            "classifier": "sources",
                            "path": "/home/madhanagopal/.m2/repository/org/graalvm/js/js-scriptengine/24.0.0/js-scriptengine-24.0.0-sources.jar"
                        }
                    ]
                },
                {
                    "organization": "io.netty",
                    "name": "netty-codec-socks",
                    "version": "4.1.110.Final",
                    "artifacts": [
                        {
                            "name": "netty-codec-socks",
                            "path": "/home/madhanagopal/.m2/repository/io/netty/netty-codec-socks/4.1.110.Final/netty-codec-socks-4.1.110.Final.jar"
                        },
                        {
                            "name": "netty-codec-socks",
                            "classifier": "sources",
                            "path": "/home/madhanagopal/.m2/repository/io/netty/netty-codec-socks/4.1.110.Final/netty-codec-socks-4.1.110.Final-sources.jar"
                        }
                    ]
                },
                {
                    "organization": "org.junit.jupiter",
                    "name": "junit-jupiter-engine",
                    "version": "5.10.2",
                    "artifacts": [
                        {
                            "name": "junit-jupiter-engine",
                            "path": "/home/madhanagopal/.m2/repository/org/junit/jupiter/junit-jupiter-engine/5.10.2/junit-jupiter-engine-5.10.2.jar"
                        },
                        {
                            "name": "junit-jupiter-engine",
                            "classifier": "sources",
                            "path": "/home/madhanagopal/.m2/repository/org/junit/jupiter/junit-jupiter-engine/5.10.2/junit-jupiter-engine-5.10.2-sources.jar"
                        }
                    ]
                },
                {
                    "organization": "org.junit.jupiter",
                    "name": "junit-jupiter-api",
                    "version": "5.10.2",
                    "artifacts": [
                        {
                            "name": "junit-jupiter-api",
                            "path": "/home/madhanagopal/.m2/repository/org/junit/jupiter/junit-jupiter-api/5.10.2/junit-jupiter-api-5.10.2.jar"
                        },
                        {
                            "name": "junit-jupiter-api",
                            "classifier": "sources",
                            "path": "/home/madhanagopal/.m2/repository/org/junit/jupiter/junit-jupiter-api/5.10.2/junit-jupiter-api-5.10.2-sources.jar"
                        }
                    ]
                },
                {
                    "organization": "io.netty",
                    "name": "netty-resolver-dns",
                    "version": "4.1.110.Final",
                    "artifacts": [
                        {
                            "name": "netty-resolver-dns",
                            "path": "/home/madhanagopal/.m2/repository/io/netty/netty-resolver-dns/4.1.110.Final/netty-resolver-dns-4.1.110.Final.jar"
                        },
                        {
                            "name": "netty-resolver-dns",
                            "classifier": "sources",
                            "path": "/home/madhanagopal/.m2/repository/io/netty/netty-resolver-dns/4.1.110.Final/netty-resolver-dns-4.1.110.Final-sources.jar"
                        }
                    ]
                },
                {
                    "organization": "com.google.code.findbugs",
                    "name": "jsr305",
                    "version": "3.0.2",
                    "artifacts": [
                        {
                            "name": "jsr305",
                            "path": "/home/madhanagopal/.m2/repository/com/google/code/findbugs/jsr305/3.0.2/jsr305-3.0.2.jar"
                        },
                        {
                            "name": "jsr305",
                            "classifier": "sources",
                            "path": "/home/madhanagopal/.m2/repository/com/google/code/findbugs/jsr305/3.0.2/jsr305-3.0.2-sources.jar"
                        }
                    ]
                },
                {
                    "organization": "org.slf4j",
                    "name": "jcl-over-slf4j",
                    "version": "2.0.12",
                    "artifacts": [
                        {
                            "name": "jcl-over-slf4j",
                            "path": "/home/madhanagopal/.m2/repository/org/slf4j/jcl-over-slf4j/2.0.12/jcl-over-slf4j-2.0.12.jar"
                        },
                        {
                            "name": "jcl-over-slf4j",
                            "classifier": "sources",
                            "path": "/home/madhanagopal/.m2/repository/org/slf4j/jcl-over-slf4j/2.0.12/jcl-over-slf4j-2.0.12-sources.jar"
                        }
                    ]
                },
                {
                    "organization": "org.apache.httpcomponents",
                    "name": "httpclient",
                    "version": "4.5.14",
                    "artifacts": [
                        {
                            "name": "httpclient",
                            "path": "/home/madhanagopal/.m2/repository/org/apache/httpcomponents/httpclient/4.5.14/httpclient-4.5.14.jar"
                        },
                        {
                            "name": "httpclient",
                            "classifier": "sources",
                            "path": "/home/madhanagopal/.m2/repository/org/apache/httpcomponents/httpclient/4.5.14/httpclient-4.5.14-sources.jar"
                        }
                    ]
                },
                {
                    "organization": "org.apiguardian",
                    "name": "apiguardian-api",
                    "version": "1.1.2",
                    "artifacts": [
                        {
                            "name": "apiguardian-api",
                            "path": "/home/madhanagopal/.m2/repository/org/apiguardian/apiguardian-api/1.1.2/apiguardian-api-1.1.2.jar"
                        },
                        {
                            "name": "apiguardian-api",
                            "classifier": "sources",
                            "path": "/home/madhanagopal/.m2/repository/org/apiguardian/apiguardian-api/1.1.2/apiguardian-api-1.1.2-sources.jar"
                        }
                    ]
                },
                {
                    "organization": "org.graalvm.polyglot",
                    "name": "polyglot",
                    "version": "24.0.0",
                    "artifacts": [
                        {
                            "name": "polyglot",
                            "path": "/home/madhanagopal/.m2/repository/org/graalvm/polyglot/polyglot/24.0.0/polyglot-24.0.0.jar"
                        },
                        {
                            "name": "polyglot",
                            "classifier": "sources",
                            "path": "/home/madhanagopal/.m2/repository/org/graalvm/polyglot/polyglot/24.0.0/polyglot-24.0.0-sources.jar"
                        }
                    ]
                },
                {
                    "organization": "io.netty",
                    "name": "netty-codec-http2",
                    "version": "4.1.110.Final",
                    "artifacts": [
                        {
                            "name": "netty-codec-http2",
                            "path": "/home/madhanagopal/.m2/repository/io/netty/netty-codec-http2/4.1.110.Final/netty-codec-http2-4.1.110.Final.jar"
                        },
                        {
                            "name": "netty-codec-http2",
                            "classifier": "sources",
                            "path": "/home/madhanagopal/.m2/repository/io/netty/netty-codec-http2/4.1.110.Final/netty-codec-http2-4.1.110.Final-sources.jar"
                        }
                    ]
                },
                {
                    "organization": "io.netty",
                    "name": "netty-resolver-dns-native-macos",
                    "version": "4.1.110.Final",
                    "artifacts": [
                        {
                            "name": "netty-resolver-dns-native-macos",
                            "classifier": "osx-x86_64",
                            "path": "/home/madhanagopal/.m2/repository/io/netty/netty-resolver-dns-native-macos/4.1.110.Final/netty-resolver-dns-native-macos-4.1.110.Final-osx-x86_64.jar"
                        }
                    ]
                },
                {
                    "organization": "org.graalvm.truffle",
                    "name": "truffle-api",
                    "version": "24.0.0",
                    "artifacts": [
                        {
                            "name": "truffle-api",
                            "path": "/home/madhanagopal/.m2/repository/org/graalvm/truffle/truffle-api/24.0.0/truffle-api-24.0.0.jar"
                        },
                        {
                            "name": "truffle-api",
                            "classifier": "sources",
                            "path": "/home/madhanagopal/.m2/repository/org/graalvm/truffle/truffle-api/24.0.0/truffle-api-24.0.0-sources.jar"
                        }
                    ]
                },
                {
                    "organization": "io.netty",
                    "name": "netty-tcnative-boringssl-static",
                    "version": "2.0.65.Final",
                    "artifacts": [
                        {
                            "name": "netty-tcnative-boringssl-static",
                            "classifier": "linux-x86_64",
                            "path": "/home/madhanagopal/.m2/repository/io/netty/netty-tcnative-boringssl-static/2.0.65.Final/netty-tcnative-boringssl-static-2.0.65.Final-linux-x86_64.jar"
                        }
                    ]
                },
                {
                    "organization": "io.netty",
                    "name": "netty-tcnative-classes",
                    "version": "2.0.65.Final",
                    "artifacts": [
                        {
                            "name": "netty-tcnative-classes",
                            "path": "/home/madhanagopal/.m2/repository/io/netty/netty-tcnative-classes/2.0.65.Final/netty-tcnative-classes-2.0.65.Final.jar"
                        },
                        {
                            "name": "netty-tcnative-classes",
                            "classifier": "sources",
                            "path": "/home/madhanagopal/.m2/repository/io/netty/netty-tcnative-classes/2.0.65.Final/netty-tcnative-classes-2.0.65.Final-sources.jar"
                        }
                    ]
                },
                {
                    "organization": "io.netty",
                    "name": "netty-transport-native-unix-common",
                    "version": "4.1.110.Final",
                    "artifacts": [
                        {
                            "name": "netty-transport-native-unix-common",
                            "classifier": "linux-x86_64",
                            "path": "/home/madhanagopal/.m2/repository/io/netty/netty-transport-native-unix-common/4.1.110.Final/netty-transport-native-unix-common-4.1.110.Final-linux-x86_64.jar"
                        }
                    ]
                },
                {
                    "organization": "org.apache.httpcomponents",
                    "name": "httpcore",
                    "version": "4.4.16",
                    "artifacts": [
                        {
                            "name": "httpcore",
                            "path": "/home/madhanagopal/.m2/repository/org/apache/httpcomponents/httpcore/4.4.16/httpcore-4.4.16.jar"
                        },
                        {
                            "name": "httpcore",
                            "classifier": "sources",
                            "path": "/home/madhanagopal/.m2/repository/org/apache/httpcomponents/httpcore/4.4.16/httpcore-4.4.16-sources.jar"
                        }
                    ]
                },
                {
                    "organization": "io.netty",
                    "name": "netty-transport-classes-epoll",
                    "version": "4.1.110.Final",
                    "artifacts": [
                        {
                            "name": "netty-transport-classes-epoll",
                            "path": "/home/madhanagopal/.m2/repository/io/netty/netty-transport-classes-epoll/4.1.110.Final/netty-transport-classes-epoll-4.1.110.Final.jar"
                        },
                        {
                            "name": "netty-transport-classes-epoll",
                            "classifier": "sources",
                            "path": "/home/madhanagopal/.m2/repository/io/netty/netty-transport-classes-epoll/4.1.110.Final/netty-transport-classes-epoll-4.1.110.Final-sources.jar"
                        }
                    ]
                },
                {
                    "organization": "io.netty",
                    "name": "netty-transport-native-unix-common",
                    "version": "4.1.110.Final",
                    "artifacts": [
                        {
                            "name": "netty-transport-native-unix-common",
                            "path": "/home/madhanagopal/.m2/repository/io/netty/netty-transport-native-unix-common/4.1.110.Final/netty-transport-native-unix-common-4.1.110.Final.jar"
                        },
                        {
                            "name": "netty-transport-native-unix-common",
                            "classifier": "sources",
                            "path": "/home/madhanagopal/.m2/repository/io/netty/netty-transport-native-unix-common/4.1.110.Final/netty-transport-native-unix-common-4.1.110.Final-sources.jar"
                        }
                    ]
                },
                {
                    "organization": "io.karatelabs",
                    "name": "karate-junit5",
                    "version": "1.5.0",
                    "artifacts": [
                        {
                            "name": "karate-junit5",
                            "path": "/home/madhanagopal/.m2/repository/io/karatelabs/karate-junit5/1.5.0/karate-junit5-1.5.0.jar"
                        },
                        {
                            "name": "karate-junit5",
                            "classifier": "sources",
                            "path": "/home/madhanagopal/.m2/repository/io/karatelabs/karate-junit5/1.5.0/karate-junit5-1.5.0-sources.jar"
                        }
                    ]
                },
                {
                    "organization": "net.minidev",
                    "name": "accessors-smart",
                    "version": "2.5.1",
                    "artifacts": [
                        {
                            "name": "accessors-smart",
                            "path": "/home/madhanagopal/.m2/repository/net/minidev/accessors-smart/2.5.1/accessors-smart-2.5.1.jar"
                        },
                        {
                            "name": "accessors-smart",
                            "classifier": "sources",
                            "path": "/home/madhanagopal/.m2/repository/net/minidev/accessors-smart/2.5.1/accessors-smart-2.5.1-sources.jar"
                        }
                    ]
                },
                {
                    "organization": "io.netty",
                    "name": "netty-transport-native-unix-common",
                    "version": "4.1.110.Final",
                    "artifacts": [
                        {
                            "name": "netty-transport-native-unix-common",
                            "classifier": "osx-aarch_64",
                            "path": "/home/madhanagopal/.m2/repository/io/netty/netty-transport-native-unix-common/4.1.110.Final/netty-transport-native-unix-common-4.1.110.Final-osx-aarch_64.jar"
                        }
                    ]
                },
                {
                    "organization": "io.netty",
                    "name": "netty-transport-native-kqueue",
                    "version": "4.1.110.Final",
                    "artifacts": [
                        {
                            "name": "netty-transport-native-kqueue",
                            "classifier": "osx-aarch_64",
                            "path": "/home/madhanagopal/.m2/repository/io/netty/netty-transport-native-kqueue/4.1.110.Final/netty-transport-native-kqueue-4.1.110.Final-osx-aarch_64.jar"
                        }
                    ]
                },
                {
                    "organization": "io.karatelabs",
                    "name": "karate-core",
                    "version": "1.5.0",
                    "artifacts": [
                        {
                            "name": "karate-core",
                            "path": "/home/madhanagopal/.m2/repository/io/karatelabs/karate-core/1.5.0/karate-core-1.5.0.jar"
                        },
                        {
                            "name": "karate-core",
                            "classifier": "sources",
                            "path": "/home/madhanagopal/.m2/repository/io/karatelabs/karate-core/1.5.0/karate-core-1.5.0-sources.jar"
                        }
                    ]
                },
                {
                    "organization": "io.micrometer",
                    "name": "micrometer-observation",
                    "version": "1.13.0",
                    "artifacts": [
                        {
                            "name": "micrometer-observation",
                            "path": "/home/madhanagopal/.m2/repository/io/micrometer/micrometer-observation/1.13.0/micrometer-observation-1.13.0.jar"
                        },
                        {
                            "name": "micrometer-observation",
                            "classifier": "sources",
                            "path": "/home/madhanagopal/.m2/repository/io/micrometer/micrometer-observation/1.13.0/micrometer-observation-1.13.0-sources.jar"
                        }
                    ]
                },
                {
                    "organization": "io.netty",
                    "name": "netty-common",
                    "version": "4.1.110.Final",
                    "artifacts": [
                        {
                            "name": "netty-common",
                            "path": "/home/madhanagopal/.m2/repository/io/netty/netty-common/4.1.110.Final/netty-common-4.1.110.Final.jar"
                        },
                        {
                            "name": "netty-common",
                            "classifier": "sources",
                            "path": "/home/madhanagopal/.m2/repository/io/netty/netty-common/4.1.110.Final/netty-common-4.1.110.Final-sources.jar"
                        }
                    ]
                },
                {
                    "organization": "org.junit.platform",
                    "name": "junit-platform-commons",
                    "version": "1.10.2",
                    "artifacts": [
                        {
                            "name": "junit-platform-commons",
                            "path": "/home/madhanagopal/.m2/repository/org/junit/platform/junit-platform-commons/1.10.2/junit-platform-commons-1.10.2.jar"
                        },
                        {
                            "name": "junit-platform-commons",
                            "classifier": "sources",
                            "path": "/home/madhanagopal/.m2/repository/org/junit/platform/junit-platform-commons/1.10.2/junit-platform-commons-1.10.2-sources.jar"
                        }
                    ]
                },
                {
                    "organization": "io.netty",
                    "name": "netty-tcnative-boringssl-static",
                    "version": "2.0.65.Final",
                    "artifacts": [
                        {
                            "name": "netty-tcnative-boringssl-static",
                            "classifier": "osx-x86_64",
                            "path": "/home/madhanagopal/.m2/repository/io/netty/netty-tcnative-boringssl-static/2.0.65.Final/netty-tcnative-boringssl-static-2.0.65.Final-osx-x86_64.jar"
                        }
                    ]
                },
                {
                    "organization": "com.linecorp.armeria",
                    "name": "armeria",
                    "version": "1.29.2",
                    "artifacts": [
                        {
                            "name": "armeria",
                            "path": "/home/madhanagopal/.m2/repository/com/linecorp/armeria/armeria/1.29.2/armeria-1.29.2.jar"
                        },
                        {
                            "name": "armeria",
                            "classifier": "sources",
                            "path": "/home/madhanagopal/.m2/repository/com/linecorp/armeria/armeria/1.29.2/armeria-1.29.2-sources.jar"
                        }
                    ]
                },
                {
                    "organization": "org.graalvm.sdk",
                    "name": "word",
                    "version": "24.0.0",
                    "artifacts": [
                        {
                            "name": "word",
                            "path": "/home/madhanagopal/.m2/repository/org/graalvm/sdk/word/24.0.0/word-24.0.0.jar"
                        },
                        {
                            "name": "word",
                            "classifier": "sources",
                            "path": "/home/madhanagopal/.m2/repository/org/graalvm/sdk/word/24.0.0/word-24.0.0-sources.jar"
                        }
                    ]
                },
                {
                    "organization": "io.netty",
                    "name": "netty-codec",
                    "version": "4.1.110.Final",
                    "artifacts": [
                        {
                            "name": "netty-codec",
                            "path": "/home/madhanagopal/.m2/repository/io/netty/netty-codec/4.1.110.Final/netty-codec-4.1.110.Final.jar"
                        },
                        {
                            "name": "netty-codec",
                            "classifier": "sources",
                            "path": "/home/madhanagopal/.m2/repository/io/netty/netty-codec/4.1.110.Final/netty-codec-4.1.110.Final-sources.jar"
                        }
                    ]
                },
                {
                    "organization": "org.graalvm.sdk",
                    "name": "collections",
                    "version": "24.0.0",
                    "artifacts": [
                        {
                            "name": "collections",
                            "path": "/home/madhanagopal/.m2/repository/org/graalvm/sdk/collections/24.0.0/collections-24.0.0.jar"
                        },
                        {
                            "name": "collections",
                            "classifier": "sources",
                            "path": "/home/madhanagopal/.m2/repository/org/graalvm/sdk/collections/24.0.0/collections-24.0.0-sources.jar"
                        }
                    ]
                },
                {
                    "organization": "org.opentest4j",
                    "name": "opentest4j",
                    "version": "1.3.0",
                    "artifacts": [
                        {
                            "name": "opentest4j",
                            "path": "/home/madhanagopal/.m2/repository/org/opentest4j/opentest4j/1.3.0/opentest4j-1.3.0.jar"
                        },
                        {
                            "name": "opentest4j",
                            "classifier": "sources",
                            "path": "/home/madhanagopal/.m2/repository/org/opentest4j/opentest4j/1.3.0/opentest4j-1.3.0-sources.jar"
                        }
                    ]
                },
                {
                    "organization": "org.thymeleaf",
                    "name": "thymeleaf",
                    "version": "3.1.2.RELEASE",
                    "artifacts": [
                        {
                            "name": "thymeleaf",
                            "path": "/home/madhanagopal/.m2/repository/org/thymeleaf/thymeleaf/3.1.2.RELEASE/thymeleaf-3.1.2.RELEASE.jar"
                        },
                        {
                            "name": "thymeleaf",
                            "classifier": "sources",
                            "path": "/home/madhanagopal/.m2/repository/org/thymeleaf/thymeleaf/3.1.2.RELEASE/thymeleaf-3.1.2.RELEASE-sources.jar"
                        }
                    ]
                },
                {
                    "organization": "io.netty",
                    "name": "netty-codec-dns",
                    "version": "4.1.110.Final",
                    "artifacts": [
                        {
                            "name": "netty-codec-dns",
                            "path": "/home/madhanagopal/.m2/repository/io/netty/netty-codec-dns/4.1.110.Final/netty-codec-dns-4.1.110.Final.jar"
                        },
                        {
                            "name": "netty-codec-dns",
                            "classifier": "sources",
                            "path": "/home/madhanagopal/.m2/repository/io/netty/netty-codec-dns/4.1.110.Final/netty-codec-dns-4.1.110.Final-sources.jar"
                        }
                    ]
                },
                {
                    "organization": "org.yaml",
                    "name": "snakeyaml",
                    "version": "2.2",
                    "artifacts": [
                        {
                            "name": "snakeyaml",
                            "path": "/home/madhanagopal/.m2/repository/org/yaml/snakeyaml/2.2/snakeyaml-2.2.jar"
                        },
                        {
                            "name": "snakeyaml",
                            "classifier": "sources",
                            "path": "/home/madhanagopal/.m2/repository/org/yaml/snakeyaml/2.2/snakeyaml-2.2-sources.jar"
                        }
                    ]
                },
                {
                    "organization": "de.siegmar",
                    "name": "fastcsv",
                    "version": "3.1.0",
                    "artifacts": [
                        {
                            "name": "fastcsv",
                            "path": "/home/madhanagopal/.m2/repository/de/siegmar/fastcsv/3.1.0/fastcsv-3.1.0.jar"
                        },
                        {
                            "name": "fastcsv",
                            "classifier": "sources",
                            "path": "/home/madhanagopal/.m2/repository/de/siegmar/fastcsv/3.1.0/fastcsv-3.1.0-sources.jar"
                        }
                    ]
                },
                {
                    "organization": "com.aayushatharva.brotli4j",
                    "name": "service",
                    "version": "1.16.0",
                    "artifacts": [
                        {
                            "name": "service",
                            "path": "/home/madhanagopal/.m2/repository/com/aayushatharva/brotli4j/service/1.16.0/service-1.16.0.jar"
                        },
                        {
                            "name": "service",
                            "classifier": "sources",
                            "path": "/home/madhanagopal/.m2/repository/com/aayushatharva/brotli4j/service/1.16.0/service-1.16.0-sources.jar"
                        }
                    ]
                },
                {
                    "organization": "io.netty",
                    "name": "netty-transport-native-epoll",
                    "version": "4.1.110.Final",
                    "artifacts": [
                        {
                            "name": "netty-transport-native-epoll",
                            "classifier": "linux-x86_64",
                            "path": "/home/madhanagopal/.m2/repository/io/netty/netty-transport-native-epoll/4.1.110.Final/netty-transport-native-epoll-4.1.110.Final-linux-x86_64.jar"
                        }
                    ]
                },
                {
                    "organization": "io.github.t12y",
                    "name": "resemble",
                    "version": "1.1.0",
                    "artifacts": [
                        {
                            "name": "resemble",
                            "path": "/home/madhanagopal/.m2/repository/io/github/t12y/resemble/1.1.0/resemble-1.1.0.jar"
                        },
                        {
                            "name": "resemble",
                            "classifier": "sources",
                            "path": "/home/madhanagopal/.m2/repository/io/github/t12y/resemble/1.1.0/resemble-1.1.0-sources.jar"
                        }
                    ]
                },
                {
                    "organization": "io.github.t12y",
                    "name": "ssim",
                    "version": "1.0.0",
                    "artifacts": [
                        {
                            "name": "ssim",
                            "path": "/home/madhanagopal/.m2/repository/io/github/t12y/ssim/1.0.0/ssim-1.0.0.jar"
                        },
                        {
                            "name": "ssim",
                            "classifier": "sources",
                            "path": "/home/madhanagopal/.m2/repository/io/github/t12y/ssim/1.0.0/ssim-1.0.0-sources.jar"
                        }
                    ]
                },
                {
                    "organization": "org.javassist",
                    "name": "javassist",
                    "version": "3.29.0-GA",
                    "artifacts": [
                        {
                            "name": "javassist",
                            "path": "/home/madhanagopal/.m2/repository/org/javassist/javassist/3.29.0-GA/javassist-3.29.0-GA.jar"
                        },
                        {
                            "name": "javassist",
                            "classifier": "sources",
                            "path": "/home/madhanagopal/.m2/repository/org/javassist/javassist/3.29.0-GA/javassist-3.29.0-GA-sources.jar"
                        }
                    ]
                },
                {
                    "organization": "com.fasterxml.jackson.datatype",
                    "name": "jackson-datatype-jsr310",
                    "version": "2.17.1",
                    "artifacts": [
                        {
                            "name": "jackson-datatype-jsr310",
                            "path": "/home/madhanagopal/.m2/repository/com/fasterxml/jackson/datatype/jackson-datatype-jsr310/2.17.1/jackson-datatype-jsr310-2.17.1.jar"
                        },
                        {
                            "name": "jackson-datatype-jsr310",
                            "classifier": "sources",
                            "path": "/home/madhanagopal/.m2/repository/com/fasterxml/jackson/datatype/jackson-datatype-jsr310/2.17.1/jackson-datatype-jsr310-2.17.1-sources.jar"
                        }
                    ]
                },
                {
                    "organization": "io.netty",
                    "name": "netty-transport-native-kqueue",
                    "version": "4.1.110.Final",
                    "artifacts": [
                        {
                            "name": "netty-transport-native-kqueue",
                            "classifier": "osx-x86_64",
                            "path": "/home/madhanagopal/.m2/repository/io/netty/netty-transport-native-kqueue/4.1.110.Final/netty-transport-native-kqueue-4.1.110.Final-osx-x86_64.jar"
                        }
                    ]
                },
                {
                    "organization": "io.netty",
                    "name": "netty-tcnative-boringssl-static",
                    "version": "2.0.65.Final",
                    "artifacts": [
                        {
                            "name": "netty-tcnative-boringssl-static",
                            "classifier": "osx-aarch_64",
                            "path": "/home/madhanagopal/.m2/repository/io/netty/netty-tcnative-boringssl-static/2.0.65.Final/netty-tcnative-boringssl-static-2.0.65.Final-osx-aarch_64.jar"
                        }
                    ]
                },
                {
                    "organization": "io.netty",
                    "name": "netty-transport-native-unix-common",
                    "version": "4.1.110.Final",
                    "artifacts": [
                        {
                            "name": "netty-transport-native-unix-common",
                            "classifier": "linux-aarch_64",
                            "path": "/home/madhanagopal/.m2/repository/io/netty/netty-transport-native-unix-common/4.1.110.Final/netty-transport-native-unix-common-4.1.110.Final-linux-aarch_64.jar"
                        }
                    ]
                },
                {
                    "organization": "io.netty",
                    "name": "netty-tcnative-boringssl-static",
                    "version": "2.0.65.Final",
                    "artifacts": [
                        {
                            "name": "netty-tcnative-boringssl-static",
                            "classifier": "linux-aarch_64",
                            "path": "/home/madhanagopal/.m2/repository/io/netty/netty-tcnative-boringssl-static/2.0.65.Final/netty-tcnative-boringssl-static-2.0.65.Final-linux-aarch_64.jar"
                        }
                    ]
                },
                {
                    "organization": "com.fasterxml.jackson.core",
                    "name": "jackson-core",
                    "version": "2.17.1",
                    "artifacts": [
                        {
                            "name": "jackson-core",
                            "path": "/home/madhanagopal/.m2/repository/com/fasterxml/jackson/core/jackson-core/2.17.1/jackson-core-2.17.1.jar"
                        },
                        {
                            "name": "jackson-core",
                            "classifier": "sources",
                            "path": "/home/madhanagopal/.m2/repository/com/fasterxml/jackson/core/jackson-core/2.17.1/jackson-core-2.17.1-sources.jar"
                        }
                    ]
                },
                {
                    "organization": "io.netty",
                    "name": "netty-resolver",
                    "version": "4.1.110.Final",
                    "artifacts": [
                        {
                            "name": "netty-resolver",
                            "path": "/home/madhanagopal/.m2/repository/io/netty/netty-resolver/4.1.110.Final/netty-resolver-4.1.110.Final.jar"
                        },
                        {
                            "name": "netty-resolver",
                            "classifier": "sources",
                            "path": "/home/madhanagopal/.m2/repository/io/netty/netty-resolver/4.1.110.Final/netty-resolver-4.1.110.Final-sources.jar"
                        }
                    ]
                },
                {
                    "organization": "io.netty",
                    "name": "netty-transport-classes-kqueue",
                    "version": "4.1.110.Final",
                    "artifacts": [
                        {
                            "name": "netty-transport-classes-kqueue",
                            "path": "/home/madhanagopal/.m2/repository/io/netty/netty-transport-classes-kqueue/4.1.110.Final/netty-transport-classes-kqueue-4.1.110.Final.jar"
                        },
                        {
                            "name": "netty-transport-classes-kqueue",
                            "classifier": "sources",
                            "path": "/home/madhanagopal/.m2/repository/io/netty/netty-transport-classes-kqueue/4.1.110.Final/netty-transport-classes-kqueue-4.1.110.Final-sources.jar"
                        }
                    ]
                },
                {
                    "organization": "org.ow2.asm",
                    "name": "asm",
                    "version": "9.6",
                    "artifacts": [
                        {
                            "name": "asm",
                            "path": "/home/madhanagopal/.m2/repository/org/ow2/asm/asm/9.6/asm-9.6.jar"
                        },
                        {
                            "name": "asm",
                            "classifier": "sources",
                            "path": "/home/madhanagopal/.m2/repository/org/ow2/asm/asm/9.6/asm-9.6-sources.jar"
                        }
                    ]
                },
                {
                    "organization": "org.latencyutils",
                    "name": "LatencyUtils",
                    "version": "2.0.3",
                    "artifacts": [
                        {
                            "name": "LatencyUtils",
                            "path": "/home/madhanagopal/.m2/repository/org/latencyutils/LatencyUtils/2.0.3/LatencyUtils-2.0.3.jar"
                        },
                        {
                            "name": "LatencyUtils",
                            "classifier": "sources",
                            "path": "/home/madhanagopal/.m2/repository/org/latencyutils/LatencyUtils/2.0.3/LatencyUtils-2.0.3-sources.jar"
                        }
                    ]
                },
                {
                    "organization": "org.slf4j",
                    "name": "slf4j-api",
                    "version": "2.0.12",
                    "artifacts": [
                        {
                            "name": "slf4j-api",
                            "path": "/home/madhanagopal/.m2/repository/org/slf4j/slf4j-api/2.0.12/slf4j-api-2.0.12.jar"
                        },
                        {
                            "name": "slf4j-api",
                            "classifier": "sources",
                            "path": "/home/madhanagopal/.m2/repository/org/slf4j/slf4j-api/2.0.12/slf4j-api-2.0.12-sources.jar"
                        }
                    ]
                },
                {
                    "organization": "ognl",
                    "name": "ognl",
                    "version": "3.3.4",
                    "artifacts": [
                        {
                            "name": "ognl",
                            "path": "/home/madhanagopal/.m2/repository/ognl/ognl/3.3.4/ognl-3.3.4.jar"
                        },
                        {
                            "name": "ognl",
                            "classifier": "sources",
                            "path": "/home/madhanagopal/.m2/repository/ognl/ognl/3.3.4/ognl-3.3.4-sources.jar"
                        }
                    ]
                },
                {
                    "organization": "org.attoparser",
                    "name": "attoparser",
                    "version": "2.0.7.RELEASE",
                    "artifacts": [
                        {
                            "name": "attoparser",
                            "path": "/home/madhanagopal/.m2/repository/org/attoparser/attoparser/2.0.7.RELEASE/attoparser-2.0.7.RELEASE.jar"
                        },
                        {
                            "name": "attoparser",
                            "classifier": "sources",
                            "path": "/home/madhanagopal/.m2/repository/org/attoparser/attoparser/2.0.7.RELEASE/attoparser-2.0.7.RELEASE-sources.jar"
                        }
                    ]
                },
                {
                    "organization": "org.graalvm.shadowed",
                    "name": "icu4j",
                    "version": "24.0.0",
                    "artifacts": [
                        {
                            "name": "icu4j",
                            "path": "/home/madhanagopal/.m2/repository/org/graalvm/shadowed/icu4j/24.0.0/icu4j-24.0.0.jar"
                        },
                        {
                            "name": "icu4j",
                            "classifier": "sources",
                            "path": "/home/madhanagopal/.m2/repository/org/graalvm/shadowed/icu4j/24.0.0/icu4j-24.0.0-sources.jar"
                        }
                    ]
                },
                {
                    "organization": "com.fasterxml.jackson.core",
                    "name": "jackson-annotations",
                    "version": "2.17.1",
                    "artifacts": [
                        {
                            "name": "jackson-annotations",
                            "path": "/home/madhanagopal/.m2/repository/com/fasterxml/jackson/core/jackson-annotations/2.17.1/jackson-annotations-2.17.1.jar"
                        },
                        {
                            "name": "jackson-annotations",
                            "classifier": "sources",
                            "path": "/home/madhanagopal/.m2/repository/com/fasterxml/jackson/core/jackson-annotations/2.17.1/jackson-annotations-2.17.1-sources.jar"
                        }
                    ]
                },
                {
                    "organization": "io.netty",
                    "name": "netty-transport",
                    "version": "4.1.110.Final",
                    "artifacts": [
                        {
                            "name": "netty-transport",
                            "path": "/home/madhanagopal/.m2/repository/io/netty/netty-transport/4.1.110.Final/netty-transport-4.1.110.Final.jar"
                        },
                        {
                            "name": "netty-transport",
                            "classifier": "sources",
                            "path": "/home/madhanagopal/.m2/repository/io/netty/netty-transport/4.1.110.Final/netty-transport-4.1.110.Final-sources.jar"
                        }
                    ]
                },
                {
                    "organization": "io.micrometer",
                    "name": "micrometer-core",
                    "version": "1.13.0",
                    "artifacts": [
                        {
                            "name": "micrometer-core",
                            "path": "/home/madhanagopal/.m2/repository/io/micrometer/micrometer-core/1.13.0/micrometer-core-1.13.0.jar"
                        },
                        {
                            "name": "micrometer-core",
                            "classifier": "sources",
                            "path": "/home/madhanagopal/.m2/repository/io/micrometer/micrometer-core/1.13.0/micrometer-core-1.13.0-sources.jar"
                        }
                    ]
                },
                {
                    "organization": "commons-codec",
                    "name": "commons-codec",
                    "version": "1.16.1",
                    "artifacts": [
                        {
                            "name": "commons-codec",
                            "path": "/home/madhanagopal/.m2/repository/commons-codec/commons-codec/1.16.1/commons-codec-1.16.1.jar"
                        },
                        {
                            "name": "commons-codec",
                            "classifier": "sources",
                            "path": "/home/madhanagopal/.m2/repository/commons-codec/commons-codec/1.16.1/commons-codec-1.16.1-sources.jar"
                        }
                    ]
                },
                {
                    "organization": "com.fasterxml.jackson.core",
                    "name": "jackson-databind",
                    "version": "2.17.1",
                    "artifacts": [
                        {
                            "name": "jackson-databind",
                            "path": "/home/madhanagopal/.m2/repository/com/fasterxml/jackson/core/jackson-databind/2.17.1/jackson-databind-2.17.1.jar"
                        },
                        {
                            "name": "jackson-databind",
                            "classifier": "sources",
                            "path": "/home/madhanagopal/.m2/repository/com/fasterxml/jackson/core/jackson-databind/2.17.1/jackson-databind-2.17.1-sources.jar"
                        }
                    ]
                },
                {
                    "organization": "ch.qos.logback",
                    "name": "logback-core",
                    "version": "1.5.4",
                    "artifacts": [
                        {
                            "name": "logback-core",
                            "path": "/home/madhanagopal/.m2/repository/ch/qos/logback/logback-core/1.5.4/logback-core-1.5.4.jar"
                        },
                        {
                            "name": "logback-core",
                            "classifier": "sources",
                            "path": "/home/madhanagopal/.m2/repository/ch/qos/logback/logback-core/1.5.4/logback-core-1.5.4-sources.jar"
                        }
                    ]
                },
                {
                    "organization": "io.micrometer",
                    "name": "micrometer-commons",
                    "version": "1.13.0",
                    "artifacts": [
                        {
                            "name": "micrometer-commons",
                            "path": "/home/madhanagopal/.m2/repository/io/micrometer/micrometer-commons/1.13.0/micrometer-commons-1.13.0.jar"
                        },
                        {
                            "name": "micrometer-commons",
                            "classifier": "sources",
                            "path": "/home/madhanagopal/.m2/repository/io/micrometer/micrometer-commons/1.13.0/micrometer-commons-1.13.0-sources.jar"
                        }
                    ]
                },
                {
                    "organization": "org.antlr",
                    "name": "antlr4-runtime",
                    "version": "4.13.1",
                    "artifacts": [
                        {
                            "name": "antlr4-runtime",
                            "path": "/home/madhanagopal/.m2/repository/org/antlr/antlr4-runtime/4.13.1/antlr4-runtime-4.13.1.jar"
                        },
                        {
                            "name": "antlr4-runtime",
                            "classifier": "sources",
                            "path": "/home/madhanagopal/.m2/repository/org/antlr/antlr4-runtime/4.13.1/antlr4-runtime-4.13.1-sources.jar"
                        }
                    ]
                },
                {
                    "organization": "io.netty",
                    "name": "netty-transport-native-epoll",
                    "version": "4.1.110.Final",
                    "artifacts": [
                        {
                            "name": "netty-transport-native-epoll",
                            "classifier": "linux-aarch_64",
                            "path": "/home/madhanagopal/.m2/repository/io/netty/netty-transport-native-epoll/4.1.110.Final/netty-transport-native-epoll-4.1.110.Final-linux-aarch_64.jar"
                        }
                    ]
                },
                {
                    "organization": "info.picocli",
                    "name": "picocli",
                    "version": "4.7.5",
                    "artifacts": [
                        {
                            "name": "picocli",
                            "path": "/home/madhanagopal/.m2/repository/info/picocli/picocli/4.7.5/picocli-4.7.5.jar"
                        },
                        {
                            "name": "picocli",
                            "classifier": "sources",
                            "path": "/home/madhanagopal/.m2/repository/info/picocli/picocli/4.7.5/picocli-4.7.5-sources.jar"
                        }
                    ]
                },
                {
                    "organization": "org.reactivestreams",
                    "name": "reactive-streams",
                    "version": "1.0.4",
                    "artifacts": [
                        {
                            "name": "reactive-streams",
                            "path": "/home/madhanagopal/.m2/repository/org/reactivestreams/reactive-streams/1.0.4/reactive-streams-1.0.4.jar"
                        },
                        {
                            "name": "reactive-streams",
                            "classifier": "sources",
                            "path": "/home/madhanagopal/.m2/repository/org/reactivestreams/reactive-streams/1.0.4/reactive-streams-1.0.4-sources.jar"
                        }
                    ]
                },
                {
                    "organization": "ch.qos.logback",
                    "name": "logback-classic",
                    "version": "1.5.4",
                    "artifacts": [
                        {
                            "name": "logback-classic",
                            "path": "/home/madhanagopal/.m2/repository/ch/qos/logback/logback-classic/1.5.4/logback-classic-1.5.4.jar"
                        },
                        {
                            "name": "logback-classic",
                            "classifier": "sources",
                            "path": "/home/madhanagopal/.m2/repository/ch/qos/logback/logback-classic/1.5.4/logback-classic-1.5.4-sources.jar"
                        }
                    ]
                },
                {
                    "organization": "io.github.classgraph",
                    "name": "classgraph",
                    "version": "4.8.170",
                    "artifacts": [
                        {
                            "name": "classgraph",
                            "path": "/home/madhanagopal/.m2/repository/io/github/classgraph/classgraph/4.8.170/classgraph-4.8.170.jar"
                        },
                        {
                            "name": "classgraph",
                            "classifier": "sources",
                            "path": "/home/madhanagopal/.m2/repository/io/github/classgraph/classgraph/4.8.170/classgraph-4.8.170-sources.jar"
                        }
                    ]
                },
                {
                    "organization": "com.aayushatharva.brotli4j",
                    "name": "native-linux-x86_64",
                    "version": "1.16.0",
                    "artifacts": [
                        {
                            "name": "native-linux-x86_64",
                            "path": "/home/madhanagopal/.m2/repository/com/aayushatharva/brotli4j/native-linux-x86_64/1.16.0/native-linux-x86_64-1.16.0.jar"
                        },
                        {
                            "name": "native-linux-x86_64",
                            "classifier": "sources",
                            "path": "/home/madhanagopal/.m2/repository/com/aayushatharva/brotli4j/native-linux-x86_64/1.16.0/native-linux-x86_64-1.16.0-sources.jar"
                        }
                    ]
                },
                {
                    "organization": "org.graalvm.js",
                    "name": "js-language",
                    "version": "24.0.0",
                    "artifacts": [
                        {
                            "name": "js-language",
                            "path": "/home/madhanagopal/.m2/repository/org/graalvm/js/js-language/24.0.0/js-language-24.0.0.jar"
                        },
                        {
                            "name": "js-language",
                            "classifier": "sources",
                            "path": "/home/madhanagopal/.m2/repository/org/graalvm/js/js-language/24.0.0/js-language-24.0.0-sources.jar"
                        }
                    ]
                },
                {
                    "organization": "org.graalvm.sdk",
                    "name": "nativeimage",
                    "version": "24.0.0",
                    "artifacts": [
                        {
                            "name": "nativeimage",
                            "path": "/home/madhanagopal/.m2/repository/org/graalvm/sdk/nativeimage/24.0.0/nativeimage-24.0.0.jar"
                        },
                        {
                            "name": "nativeimage",
                            "classifier": "sources",
                            "path": "/home/madhanagopal/.m2/repository/org/graalvm/sdk/nativeimage/24.0.0/nativeimage-24.0.0-sources.jar"
                        }
                    ]
                },
                {
                    "organization": "io.netty",
                    "name": "netty-handler",
                    "version": "4.1.110.Final",
                    "artifacts": [
                        {
                            "name": "netty-handler",
                            "path": "/home/madhanagopal/.m2/repository/io/netty/netty-handler/4.1.110.Final/netty-handler-4.1.110.Final.jar"
                        },
                        {
                            "name": "netty-handler",
                            "classifier": "sources",
                            "path": "/home/madhanagopal/.m2/repository/io/netty/netty-handler/4.1.110.Final/netty-handler-4.1.110.Final-sources.jar"
                        }
                    ]
                },
                {
                    "organization": "com.fasterxml.jackson.datatype",
                    "name": "jackson-datatype-jdk8",
                    "version": "2.17.1",
                    "artifacts": [
                        {
                            "name": "jackson-datatype-jdk8",
                            "path": "/home/madhanagopal/.m2/repository/com/fasterxml/jackson/datatype/jackson-datatype-jdk8/2.17.1/jackson-datatype-jdk8-2.17.1.jar"
                        },
                        {
                            "name": "jackson-datatype-jdk8",
                            "classifier": "sources",
                            "path": "/home/madhanagopal/.m2/repository/com/fasterxml/jackson/datatype/jackson-datatype-jdk8/2.17.1/jackson-datatype-jdk8-2.17.1-sources.jar"
                        }
                    ]
                },
                {
                    "organization": "org.junit.platform",
                    "name": "junit-platform-engine",
                    "version": "1.10.2",
                    "artifacts": [
                        {
                            "name": "junit-platform-engine",
                            "path": "/home/madhanagopal/.m2/repository/org/junit/platform/junit-platform-engine/1.10.2/junit-platform-engine-1.10.2.jar"
                        },
                        {
                            "name": "junit-platform-engine",
                            "classifier": "sources",
                            "path": "/home/madhanagopal/.m2/repository/org/junit/platform/junit-platform-engine/1.10.2/junit-platform-engine-1.10.2-sources.jar"
                        }
                    ]
                },
                {
                    "organization": "org.graalvm.regex",
                    "name": "regex",
                    "version": "24.0.0",
                    "artifacts": [
                        {
                            "name": "regex",
                            "path": "/home/madhanagopal/.m2/repository/org/graalvm/regex/regex/24.0.0/regex-24.0.0.jar"
                        },
                        {
                            "name": "regex",
                            "classifier": "sources",
                            "path": "/home/madhanagopal/.m2/repository/org/graalvm/regex/regex/24.0.0/regex-24.0.0-sources.jar"
                        }
                    ]
                },
                {
                    "organization": "io.netty",
                    "name": "netty-tcnative-boringssl-static",
                    "version": "2.0.65.Final",
                    "artifacts": [
                        {
                            "name": "netty-tcnative-boringssl-static",
                            "classifier": "windows-x86_64",
                            "path": "/home/madhanagopal/.m2/repository/io/netty/netty-tcnative-boringssl-static/2.0.65.Final/netty-tcnative-boringssl-static-2.0.65.Final-windows-x86_64.jar"
                        }
                    ]
                },
                {
                    "organization": "net.minidev",
                    "name": "json-smart",
                    "version": "2.5.1",
                    "artifacts": [
                        {
                            "name": "json-smart",
                            "path": "/home/madhanagopal/.m2/repository/net/minidev/json-smart/2.5.1/json-smart-2.5.1.jar"
                        },
                        {
                            "name": "json-smart",
                            "classifier": "sources",
                            "path": "/home/madhanagopal/.m2/repository/net/minidev/json-smart/2.5.1/json-smart-2.5.1-sources.jar"
                        }
                    ]
                },
                {
                    "organization": "io.netty",
                    "name": "netty-codec-haproxy",
                    "version": "4.1.110.Final",
                    "artifacts": [
                        {
                            "name": "netty-codec-haproxy",
                            "path": "/home/madhanagopal/.m2/repository/io/netty/netty-codec-haproxy/4.1.110.Final/netty-codec-haproxy-4.1.110.Final.jar"
                        },
                        {
                            "name": "netty-codec-haproxy",
                            "classifier": "sources",
                            "path": "/home/madhanagopal/.m2/repository/io/netty/netty-codec-haproxy/4.1.110.Final/netty-codec-haproxy-4.1.110.Final-sources.jar"
                        }
                    ]
                },
                {
                    "organization": "io.netty",
                    "name": "netty-handler-proxy",
                    "version": "4.1.110.Final",
                    "artifacts": [
                        {
                            "name": "netty-handler-proxy",
                            "path": "/home/madhanagopal/.m2/repository/io/netty/netty-handler-proxy/4.1.110.Final/netty-handler-proxy-4.1.110.Final.jar"
                        },
                        {
                            "name": "netty-handler-proxy",
                            "classifier": "sources",
                            "path": "/home/madhanagopal/.m2/repository/io/netty/netty-handler-proxy/4.1.110.Final/netty-handler-proxy-4.1.110.Final-sources.jar"
                        }
                    ]
                },
                {
                    "organization": "io.netty",
                    "name": "netty-codec-http",
                    "version": "4.1.110.Final",
                    "artifacts": [
                        {
                            "name": "netty-codec-http",
                            "path": "/home/madhanagopal/.m2/repository/io/netty/netty-codec-http/4.1.110.Final/netty-codec-http-4.1.110.Final.jar"
                        },
                        {
                            "name": "netty-codec-http",
                            "classifier": "sources",
                            "path": "/home/madhanagopal/.m2/repository/io/netty/netty-codec-http/4.1.110.Final/netty-codec-http-4.1.110.Final-sources.jar"
                        }
                    ]
                },
                {
                    "organization": "org.hdrhistogram",
                    "name": "HdrHistogram",
                    "version": "2.2.1",
                    "artifacts": [
                        {
                            "name": "HdrHistogram",
                            "path": "/home/madhanagopal/.m2/repository/org/hdrhistogram/HdrHistogram/2.2.1/HdrHistogram-2.2.1.jar"
                        },
                        {
                            "name": "HdrHistogram",
                            "classifier": "sources",
                            "path": "/home/madhanagopal/.m2/repository/org/hdrhistogram/HdrHistogram/2.2.1/HdrHistogram-2.2.1-sources.jar"
                        }
                    ]
                },
                {
                    "organization": "com.aayushatharva.brotli4j",
                    "name": "brotli4j",
                    "version": "1.16.0",
                    "artifacts": [
                        {
                            "name": "brotli4j",
                            "path": "/home/madhanagopal/.m2/repository/com/aayushatharva/brotli4j/brotli4j/1.16.0/brotli4j-1.16.0.jar"
                        },
                        {
                            "name": "brotli4j",
                            "classifier": "sources",
                            "path": "/home/madhanagopal/.m2/repository/com/aayushatharva/brotli4j/brotli4j/1.16.0/brotli4j-1.16.0-sources.jar"
                        }
                    ]
                },
                {
                    "organization": "io.netty",
                    "name": "netty-buffer",
                    "version": "4.1.110.Final",
                    "artifacts": [
                        {
                            "name": "netty-buffer",
                            "path": "/home/madhanagopal/.m2/repository/io/netty/netty-buffer/4.1.110.Final/netty-buffer-4.1.110.Final.jar"
                        },
                        {
                            "name": "netty-buffer",
                            "classifier": "sources",
                            "path": "/home/madhanagopal/.m2/repository/io/netty/netty-buffer/4.1.110.Final/netty-buffer-4.1.110.Final-sources.jar"
                        }
                    ]
                }
            ]
        },
        "tags": [
            "library"
        ]
    }
}